{"_type":"export","__export_format":4,"__export_date":"2020-09-23T13:31:08.034Z","__export_source":"insomnia.desktop.app:v2020.4.0","resources":[{"_id":"req_2c9a61aaab0b4b8aa6af32822225e3e7","parentId":"fld_02909fce87914929a175716dec5aac6a","modified":1600704800990,"created":1600704747848,"url":"{{ baseurl }}/categories/games","name":"Category","description":"","method":"GET","body":{},"parameters":[],"headers":[],"authentication":{},"metaSortKey":-1600704747848,"isPrivate":false,"settingStoreCookies":true,"settingSendCookies":true,"settingDisableRenderRequestBody":false,"settingEncodeUrl":true,"settingRebuildPath":true,"settingFollowRedirects":"global","_type":"request"},{"_id":"fld_02909fce87914929a175716dec5aac6a","parentId":"wrk_d0adbc671efa47dca09c50bce6610dce","modified":1600704743679,"created":1600704737711,"name":"Categories","description":"","environment":{},"environmentPropertyOrder":null,"metaSortKey":-1600704737711,"_type":"request_group"},{"_id":"wrk_d0adbc671efa47dca09c50bce6610dce","parentId":null,"modified":1600279547942,"created":1600279547942,"name":"Flaskc","description":"","scope":null,"_type":"workspace"},{"_id":"req_f76f7b5a2b1349c8919f42d960fbec4e","parentId":"fld_02909fce87914929a175716dec5aac6a","modified":1600704809229,"created":1600704755910,"url":"{{ baseurl }}/categories","name":"Category List","description":"","method":"GET","body":{},"parameters":[],"headers":[],"authentication":{},"metaSortKey":-1600614985737,"isPrivate":false,"settingStoreCookies":true,"settingSendCookies":true,"settingDisableRenderRequestBody":false,"settingEncodeUrl":true,"settingRebuildPath":true,"settingFollowRedirects":"global","_type":"request"},{"_id":"req_ffc464c37e6848719e0a8c00a7d6a13c","parentId":"fld_5223bc518f244b2c8a0edf9b0eaf9eaa","modified":1600285223860,"created":1600284942170,"url":"{{ baseurl }}/user/orders","name":"Orders","description":"","method":"GET","body":{},"parameters":[],"headers":[],"authentication":{"token":"{{ token }}","type":"bearer"},"metaSortKey":-1600284942170,"isPrivate":false,"settingStoreCookies":true,"settingSendCookies":true,"settingDisableRenderRequestBody":false,"settingEncodeUrl":true,"settingRebuildPath":true,"settingFollowRedirects":"global","_type":"request"},{"_id":"fld_5223bc518f244b2c8a0edf9b0eaf9eaa","parentId":"wrk_d0adbc671efa47dca09c50bce6610dce","modified":1600284938705,"created":1600284938705,"name":"User","description":"","environment":{},"environmentPropertyOrder":null,"metaSortKey":-1600284938705,"_type":"request_group"},{"_id":"req_39cf568b0c114b70a7c4c719d731fdc6","parentId":"fld_5223bc518f244b2c8a0edf9b0eaf9eaa","modified":1600716399753,"created":1600286717850,"url":"{{ baseurl }}/user/profile","name":"Update Profile","description":"","method":"PUT","body":{"mimeType":"application/json","text":"{\n\t\"first_name\": \"Marcus\",\n\t\"last_name\": \"Vinicius\",\n\t\"document\": \"827.273.217-22\",\n\t\"phone\": \"(71) 2222-3451\"\n}"},"parameters":[],"headers":[{"id":"pair_e6ae5c09b07d46fca981ac7dfeb925a6","name":"Content-Type","value":"application/json"}],"authentication":{"token":"{{ token }}","type":"bearer"},"metaSortKey":-1600283097816.5,"isPrivate":false,"settingStoreCookies":true,"settingSendCookies":true,"settingDisableRenderRequestBody":false,"settingEncodeUrl":true,"settingRebuildPath":true,"settingFollowRedirects":"global","_type":"request"},{"_id":"req_eb40c531300e4ec796129c6a842f821c","parentId":"fld_39f953852d6841c1a672b7ef4ea09d90","modified":1600281258443,"created":1600281253463,"url":"{{ baseurl }}/products","name":"Products ","description":"","method":"GET","body":{},"parameters":[],"headers":[],"authentication":{},"metaSortKey":-1600281253463,"isPrivate":false,"settingStoreCookies":true,"settingSendCookies":true,"settingDisableRenderRequestBody":false,"settingEncodeUrl":true,"settingRebuildPath":true,"settingFollowRedirects":"global","_type":"request"},{"_id":"fld_39f953852d6841c1a672b7ef4ea09d90","parentId":"wrk_d0adbc671efa47dca09c50bce6610dce","modified":1600281244813,"created":1600281244813,"name":"Products","description":"","environment":{},"environmentPropertyOrder":null,"metaSortKey":-1600281244813,"_type":"request_group"},{"_id":"req_fa5cba6c10f7478ab28c43eb58be3198","parentId":"fld_39f953852d6841c1a672b7ef4ea09d90","modified":1600700214946,"created":1600281282922,"url":"{{ baseurl }}/products/xbox-one","name":"Product","description":"","method":"GET","body":{},"parameters":[],"headers":[],"authentication":{},"metaSortKey":-1600280406378.5,"isPrivate":false,"settingStoreCookies":true,"settingSendCookies":true,"settingDisableRenderRequestBody":false,"settingEncodeUrl":true,"settingRebuildPath":true,"settingFollowRedirects":"global","_type":"request"},{"_id":"req_1cf65e5f9ee24537b81d8571aa245479","parentId":"fld_afa8fea1e80c47dbb90adae4461b2a17","modified":1600706622380,"created":1600284345324,"url":"{{ baseurl }}/order/create","name":"Create","description":"","method":"POST","body":{"mimeType":"application/json","text":"{\n\t\"product_id\": 1,\n\t\t\"quantity\": 12\n}"},"parameters":[],"headers":[{"id":"pair_20a1944f99f34940b2b8ffa2a2642107","name":"Content-Type","value":"application/json"}],"authentication":{"type":"bearer","token":"{{ token }}"},"metaSortKey":-1600281253463,"isPrivate":false,"settingStoreCookies":true,"settingSendCookies":true,"settingDisableRenderRequestBody":false,"settingEncodeUrl":true,"settingRebuildPath":true,"settingFollowRedirects":"global","_type":"request"},{"_id":"fld_afa8fea1e80c47dbb90adae4461b2a17","parentId":"wrk_d0adbc671efa47dca09c50bce6610dce","modified":1600284345316,"created":1600284345316,"name":"Orders","description":"","environment":{},"environmentPropertyOrder":null,"metaSortKey":-1600280398932,"_type":"request_group"},{"_id":"req_f3c83297311541f089d9407f84080744","parentId":"fld_afa8fea1e80c47dbb90adae4461b2a17","modified":1600708822300,"created":1600287427232,"url":"{{ baseurl }}/order/pay/FLS-36768","name":"Payment","description":"","method":"GET","body":{},"parameters":[],"headers":[],"authentication":{"token":"{{ token }}","type":"bearer"},"metaSortKey":-1600280829920.75,"isPrivate":false,"settingStoreCookies":true,"settingSendCookies":true,"settingDisableRenderRequestBody":false,"settingEncodeUrl":true,"settingRebuildPath":true,"settingFollowRedirects":"global","_type":"request"},{"_id":"req_2e652104dd714b4c8412bb8fd047905e","parentId":"fld_4d97517a107d4fb0b40b4db27ae61c50","modified":1600279799029,"created":1600279559294,"url":"{{ baseurl }}/auth/register","name":"Register","description":"","method":"POST","body":{"mimeType":"application/json","text":"{\n\t\"email\": \"marcus@space.dev.br\",\n\t\"password\": \"12345\"\n}"},"parameters":[],"headers":[{"id":"pair_5c664d6d694d442a9e0017e2469aa307","name":"Content-Type","value":"application/json"}],"authentication":{},"metaSortKey":-1600279559294,"isPrivate":false,"settingStoreCookies":true,"settingSendCookies":true,"settingDisableRenderRequestBody":false,"settingEncodeUrl":true,"settingRebuildPath":true,"settingFollowRedirects":"global","_type":"request"},{"_id":"fld_4d97517a107d4fb0b40b4db27ae61c50","parentId":"wrk_d0adbc671efa47dca09c50bce6610dce","modified":1600279553051,"created":1600279553051,"name":"Authentication","description":"","environment":{},"environmentPropertyOrder":null,"metaSortKey":-1600279553051,"_type":"request_group"},{"_id":"req_e36c86c09b22484f9f5b16c416813aca","parentId":"fld_4d97517a107d4fb0b40b4db27ae61c50","modified":1600655751458,"created":1600655683382,"url":"{{ baseurl }}/auth/forget-password","name":"Recovery","description":"","method":"POST","body":{"mimeType":"application/json","text":"{\n\t\"email\": \"marcus@space.dev.br\"\n}\t"},"parameters":[],"headers":[{"id":"pair_5c664d6d694d442a9e0017e2469aa307","name":"Content-Type","value":"application/json"}],"authentication":{},"metaSortKey":-1600068980174.75,"isPrivate":false,"settingStoreCookies":true,"settingSendCookies":true,"settingDisableRenderRequestBody":false,"settingEncodeUrl":true,"settingRebuildPath":true,"settingFollowRedirects":"global","_type":"request"},{"_id":"req_55651690e245448ebc463419b3357509","parentId":"fld_4d97517a107d4fb0b40b4db27ae61c50","modified":1600706555743,"created":1600280485223,"url":"{{ baseurl }}/auth/login","name":"Login","description":"","method":"GET","body":{},"parameters":[],"headers":[],"authentication":{"type":"basic","disabled":false,"username":"marcus@space.dev.br","password":"9710a5dd504a986e"},"metaSortKey":-1599858401055.5,"isPrivate":false,"settingStoreCookies":true,"settingSendCookies":true,"settingDisableRenderRequestBody":false,"settingEncodeUrl":true,"settingRebuildPath":true,"settingFollowRedirects":"global","_type":"request"},{"_id":"env_4433c8772eee61fff8ce039a703add2ac99f4995","parentId":"wrk_d0adbc671efa47dca09c50bce6610dce","modified":1600706607190,"created":1600279548025,"name":"Base Environment","data":{"baseurl":"http://localhost:5000/api","token":"eyJ0eXAiOiJKV1QiLCJhbGciOiJIUzI1NiJ9.eyJpYXQiOjE2MDA3MDY1OTYsIm5iZiI6MTYwMDcwNjU5NiwianRpIjoiOTZiNTkxMzctZDM0NS00YWZiLThjY2MtZDI4ZTE5MjdkNWEzIiwiZXhwIjoxNjAwOTY1Nzk2LCJpZGVudGl0eSI6eyJpZCI6Mn0sImZyZXNoIjpmYWxzZSwidHlwZSI6ImFjY2VzcyJ9.dxzM7zhDpRmZgsaOSW6uqWzG8iWlU_f976RI3stDMOQ"},"dataPropertyOrder":{"&":["baseurl","token"]},"color":null,"isPrivate":false,"metaSortKey":1600279548025,"_type":"environment"},{"_id":"jar_4433c8772eee61fff8ce039a703add2ac99f4995","parentId":"wrk_d0adbc671efa47dca09c50bce6610dce","modified":1600279548026,"created":1600279548026,"name":"Default Jar","cookies":[],"_type":"cookie_jar"},{"_id":"spc_2e332ed9bcf64ec99cc8651d644d1a32","parentId":"wrk_d0adbc671efa47dca09c50bce6610dce","modified":1600279547945,"created":1600279547945,"fileName":"Flaskc","contents":"","contentType":"yaml","_type":"api_spec"}]}